{
    "EURUSD": 1.150345,
    "USDJPY": 113.628,
    "GBPUSD": 1.309405,
    "USDCHF": 0.99221,
    "EURCHF": 1.141405,
    "AUDUSD": 0.705075,
    "USDCAD": 1.294525,
    "NZDUSD": 0.64405,
    "EURGBP": 0.878525,
    "EURJPY": 130.721,
    "GBPJPY": 148.7905,
    "CHFJPY": 114.5325,
    "GBPCHF": 1.2991700000000002,
    "EURAUD": 1.6315,
    "EURCAD": 1.489155,
    "AUDCAD": 0.91275,
    "AUDJPY": 80.118,
    "CADJPY": 87.77850000000001,
    "NZDJPY": 73.1845,
    "GBPCAD": 1.695035,
    "GBPNZD": 2.0330500000000002,
    "GBPAUD": 1.8570950000000002,
    "AUDNZD": 1.0948,
    "USDSEK": 9.083265,
    "EURSEK": 10.449,
    "EURNOK": 9.52048,
    "USDNOK": 8.27635,
    "USDMXN": 18.990465,
    "AUDCHF": 0.6995899999999999,
    "EURNZD": 1.7861,
    "USDZAR": 14.83275,
    "ZARJPY": 7.660005,
    "USDTRY": 6.14851,
    "EURTRY": 7.0729500000000005,
    "NZDCHF": 0.6390199999999999,
    "CADCHF": 0.7664599999999999,
    "NZDCAD": 0.833725,
    "TRYJPY": 18.47,
    "EURMXN": 21.847245,
    "EURZAR": 17.0626,
    "GBPSEK": 11.89422,
    "GBPNOK": 10.837534999999999,
    "GBPZAR": 19.4222,
    "CHFSEK": 9.154499999999999,
    "CHFNOK": 8.341245,
    "AUDSEK": 6.404535,
    "AUDNOK": 5.8353850000000005,
    "CADSEK": 7.0168800000000005,
    "CADNOK": 6.3936,
    "SEKJPY": 12.510304999999999,
    "NOKJPY": 13.730025000000001,
    "NOKSEK": 1.09754
}